found 65.06s of metadata, from 65 payloads, within /Volumes/video/GoPro Import/2018-07-09/HERO5 Black 3/GOPR0403.MP4
0.00, 42.290459, -71.358678, 0.70, -0.00225
0.06, 42.290458, -71.358679, 0.72, 0.01431
0.11, 42.290457, -71.358679, 0.74, 0.00836
0.17, 42.290456, -71.358679, 0.77, 0.00753
0.22, 42.290454, -71.358679, 0.83, -0.00160
0.28, 42.290453, -71.358679, 0.84, 0.00965
0.33, 42.290452, -71.358679, 0.84, 0.01034
0.39, 42.290451, -71.358680, 0.85, 0.03198
0.44, 42.290450, -71.358680, 0.85, 0.02605
0.50, 42.290450, -71.358681, 0.88, 0.00347
0.56, 42.290449, -71.358681, 0.90, -0.00177
0.61, 42.290448, -71.358681, 0.91, 0.03037
0.67, 42.290448, -71.358682, 0.89, 0.05525
0.72, 42.290447, -71.358682, 0.92, 0.03533
0.78, 42.290447, -71.358683, 0.95, 0.07765
0.83, 42.290446, -71.358684, 0.99, 0.06368
0.89, 42.290445, -71.358684, 0.99, 0.06396
0.94, 42.290445, -71.358685, 0.95, 0.02400
1.00, 42.290444, -71.358685, 0.96, 0.10771
1.06, 42.290444, -71.358686, 1.01, -0.02828
1.11, 42.290443, -71.358687, 1.10, 0.04244
1.17, 42.290442, -71.358688, 1.20, 0.08302
1.22, 42.290441, -71.358689, 1.27, 0.13412
1.28, 42.290441, -71.358689, 1.33, 0.14614
1.33, 42.290440, -71.358690, 1.41, 0.13156
1.39, 42.290438, -71.358691, 1.53, 0.11163
1.45, 42.290437, -71.358692, 1.65, 0.11063
1.50, 42.290436, -71.358694, 1.78, 0.06483
1.56, 42.290435, -71.358695, 1.92, 0.08440
1.61, 42.290433, -71.358696, 2.03, -0.11105
1.67, 42.290432, -71.358697, 2.14, 0.03336
1.72, 42.290430, -71.358698, 2.27, 0.12387
1.78, 42.290429, -71.358700, 2.42, 0.05865
1.83, 42.290427, -71.358701, 2.55, 0.07038
1.89, 42.290426, -71.358703, 2.68, 0.04912
1.95, 42.290424, -71.358704, 2.81, 0.09375
2.00, 42.290422, -71.358705, 2.93, 0.03579
2.06, 42.290420, -71.358707, 3.04, 0.05021
2.11, 42.290418, -71.358709, 3.17, 0.06503
2.17, 42.290416, -71.358711, 3.29, 0.06267
2.22, 42.290414, -71.358712, 3.42, 0.01503
2.28, 42.290412, -71.358714, 3.55, 0.04746
2.34, 42.290410, -71.358716, 3.71, 0.09929
2.39, 42.290407, -71.358718, 3.86, 0.02812
2.45, 42.290405, -71.358720, 4.00, 0.00224
2.50, 42.290402, -71.358722, 4.14, 0.05815
2.56, 42.290400, -71.358724, 4.26, 0.06611
2.61, 42.290398, -71.358726, 4.35, -0.01025
2.67, 42.290395, -71.358728, 4.45, 0.01196
2.72, 42.290393, -71.358730, 4.57, 0.01664
2.78, 42.290391, -71.358732, 4.70, 0.09287
2.84, 42.290388, -71.358734, 4.81, 0.00255
2.89, 42.290386, -71.358737, 4.92, 0.01165
2.95, 42.290383, -71.358739, 5.04, 0.02012
3.00, 42.290381, -71.358741, 5.15, 0.03645
3.00, 42.290378, -71.358744, 5.25, 0.08077
3.06, 42.290376, -71.358746, 5.35, 0.06433
3.11, 42.290373, -71.358748, 5.46, 0.02778
3.17, 42.290370, -71.358751, 5.59, -0.01100
3.23, 42.290367, -71.358753, 5.70, 0.06821
3.28, 42.290365, -71.358756, 5.84, 0.06710
3.34, 42.290362, -71.358758, 5.97, 0.17071
3.39, 42.290359, -71.358761, 6.12, 0.14127
3.45, 42.290356, -71.358764, 6.26, 0.14958
3.50, 42.290353, -71.358767, 6.43, 0.03954
3.56, 42.290350, -71.358770, 6.59, 0.14860
3.61, 42.290347, -71.358773, 6.71, 0.13150
3.67, 42.290344, -71.358775, 6.83, 0.10238
3.73, 42.290341, -71.358778, 6.96, 0.10867
3.78, 42.290338, -71.358782, 7.06, 0.14573
3.84, 42.290335, -71.358785, 7.17, 0.08039
3.89, 42.290331, -71.358788, 7.30, 0.12028
4.00, 42.290328, -71.358791, 7.42, 0.13524
4.06, 42.290324, -71.358794, 7.55, 0.07282
4.12, 42.290320, -71.358797, 7.73, 0.09907
4.17, 42.290317, -71.358801, 7.88, 0.18101
4.23, 42.290313, -71.358804, 8.02, 0.16431
4.28, 42.290309, -71.358807, 8.15, 0.09584
4.34, 42.290305, -71.358810, 8.27, 0.10373
4.39, 42.290301, -71.358813, 8.38, 0.09116
4.45, 42.290297, -71.358817, 8.48, 0.16223
4.50, 42.290293, -71.358820, 8.61, 0.10729
4.56, 42.290289, -71.358823, 8.74, 0.11936
4.62, 42.290285, -71.358827, 8.88, 0.12943
4.67, 42.290280, -71.358830, 9.01, 0.09343
4.73, 42.290276, -71.358833, 9.11, 0.14519
4.78, 42.290271, -71.358837, 9.20, 0.06155
4.84, 42.290267, -71.358840, 9.37, 0.12748
4.89, 42.290262, -71.358844, 9.51, 0.08031
4.95, 42.290258, -71.358847, 9.62, 0.11800
5.00, 42.290253, -71.358850, 9.70, 0.03857
5.00, 42.290248, -71.358853, 9.78, 0.07710
5.06, 42.290243, -71.358857, 9.85, 0.11844
5.12, 42.290239, -71.358860, 9.94, 0.10781
5.17, 42.290234, -71.358863, 10.02, 0.10657
5.23, 42.290229, -71.358867, 10.17, 0.07190
5.28, 42.290223, -71.358870, 10.31, 0.07752
5.34, 42.290218, -71.358873, 10.41, 0.10738
5.39, 42.290213, -71.358876, 10.50, 0.07332
5.45, 42.290208, -71.358880, 10.61, 0.12319
5.50, 42.290202, -71.358883, 10.71, 0.05338
5.56, 42.290197, -71.358886, 10.84, 0.11813
5.62, 42.290191, -71.358889, 10.96, 0.03809
5.67, 42.290185, -71.358892, 11.08, 0.10655
5.73, 42.290180, -71.358895, 11.18, 0.07987
5.78, 42.290174, -71.358898, 11.30, 0.13876
5.84, 42.290168, -71.358902, 11.45, 0.06234
5.89, 42.290163, -71.358905, 11.56, 0.05923
5.95, 42.290157, -71.358908, 11.68, 0.06007
6.01, 42.290151, -71.358911, 11.77, 0.03133
6.06, 42.290146, -71.358914, 11.85, 0.14427
6.12, 42.290140, -71.358917, 11.94, 0.09798
6.17, 42.290134, -71.358920, 12.03, 0.08837
6.23, 42.290128, -71.358923, 12.12, 0.10472
6.28, 42.290122, -71.358925, 12.17, 0.04664
6.34, 42.290115, -71.358928, 12.25, 0.07739
6.39, 42.290109, -71.358931, 12.33, 0.10594
6.45, 42.290103, -71.358934, 12.39, 0.21110
6.51, 42.290097, -71.358936, 12.46, 0.07775
6.56, 42.290090, -71.358938, 12.51, 0.08442
6.62, 42.290084, -71.358941, 12.60, 0.04600
6.67, 42.290078, -71.358943, 12.66, 0.08355
6.73, 42.290071, -71.358946, 12.76, 0.09346
6.78, 42.290065, -71.358948, 12.86, 0.04302
6.84, 42.290058, -71.358951, 12.93, 0.14331
6.89, 42.290051, -71.358953, 13.01, 0.04341
6.95, 42.290045, -71.358955, 13.08, 0.10306
7.01, 42.290038, -71.358957, 13.15, 0.03644
7.06, 42.290031, -71.358959, 13.22, 0.00568
7.12, 42.290025, -71.358961, 13.26, 0.05741
7.17, 42.290018, -71.358964, 13.31, -0.03983
7.23, 42.290011, -71.358966, 13.38, 0.03634
7.28, 42.290004, -71.358968, 13.45, 0.06338
7.34, 42.289997, -71.358970, 13.53, -0.02244
7.40, 42.289990, -71.358971, 13.60, 0.01879
7.45, 42.289983, -71.358973, 13.68, 0.11289
7.51, 42.289976, -71.358975, 13.76, -0.02423
7.56, 42.289969, -71.358977, 13.81, 0.03832
7.62, 42.289962, -71.358979, 13.86, 0.01746
7.67, 42.289955, -71.358981, 13.90, 0.00603
7.73, 42.289948, -71.358982, 13.96, 0.01442
7.78, 42.289941, -71.358984, 14.02, 0.03969
7.84, 42.289934, -71.358986, 14.08, 0.04289
7.90, 42.289927, -71.358987, 14.14, 0.04446
7.95, 42.289912, -71.358991, 14.24, 0.00418
8.01, 42.289905, -71.358992, 14.28, 0.02434
8.06, 42.289898, -71.358994, 14.33, 0.06101
8.12, 42.289890, -71.358996, 14.36, -0.06853
8.17, 42.289883, -71.358997, 14.43, 0.05421
8.23, 42.289876, -71.358999, 14.50, -0.07523
8.29, 42.289868, -71.359000, 14.56, -0.02058
8.34, 42.289861, -71.359002, 14.61, 0.14030
8.40, 42.289853, -71.359003, 14.68, -0.06450
8.45, 42.289845, -71.359005, 14.74, 0.03822
8.51, 42.289838, -71.359007, 14.83, 0.03215
8.56, 42.289830, -71.359008, 14.94, 0.00209
8.62, 42.289822, -71.359010, 15.01, 0.03594
8.67, 42.289814, -71.359011, 15.09, 0.08415
8.73, 42.289807, -71.359013, 15.10, 0.02061
8.79, 42.289799, -71.359014, 15.14, -0.04842
8.84, 42.289791, -71.359016, 15.18, 0.06089
8.90, 42.289784, -71.359017, 15.20, 0.03202
8.95, 42.289776, -71.359019, 15.24, -0.05738
9.01, 42.289768, -71.359020, 15.29, -0.06948
9.06, 42.289761, -71.359021, 15.31, 0.04418
9.12, 42.289753, -71.359023, 15.31, -0.07101
9.18, 42.289745, -71.359024, 15.34, -0.09229
9.23, 42.289737, -71.359025, 15.40, 0.18771
9.29, 42.289729, -71.359027, 15.47, -0.11556
9.34, 42.289721, -71.359028, 15.53, -0.09977
9.40, 42.289714, -71.359029, 15.56, 0.18192
9.45, 42.289706, -71.359031, 15.57, 0.06399
9.51, 42.289698, -71.359032, 15.62, -0.27402
9.56, 42.289690, -71.359033, 15.65, -0.08536
9.62, 42.289682, -71.359035, 15.67, 0.16983
9.68, 42.289674, -71.359036, 15.68, -0.10674
9.73, 42.289666, -71.359037, 15.70, -0.19231
9.79, 42.289658, -71.359039, 15.72, -0.07804
9.84, 42.289651, -71.359040, 15.72, 0.13059
9.90, 42.289643, -71.359041, 15.72, -0.17909
9.95, 42.289635, -71.359043, 15.72, -0.20442
10.01, 42.289627, -71.359044, 15.73, 0.05509
10.07, 42.289619, -71.359045, 15.76, -0.16241
10.12, 42.289611, -71.359046, 15.75, -0.50806
10.18, 42.289603, -71.359048, 15.73, -0.35819
10.23, 42.289595, -71.359049, 15.71, -0.29844
10.29, 42.289588, -71.359050, 15.71, -0.18195
10.34, 42.289580, -71.359051, 15.68, -0.27861
10.40, 42.289572, -71.359052, 15.66, -0.47566
10.45, 42.289564, -71.359053, 15.64, -0.37385
10.51, 42.289557, -71.359054, 15.63, -0.53227
10.57, 42.289549, -71.359055, 15.59, -0.41663
10.62, 42.289541, -71.359056, 15.55, -0.41339
10.68, 42.289533, -71.359058, 15.54, -0.43553
10.73, 42.289526, -71.359059, 15.51, -0.50150
10.79, 42.289518, -71.359060, 15.45, -0.43480
10.84, 42.289510, -71.359061, 15.42, -0.40840
10.90, 42.289502, -71.359062, 15.39, -0.63310
10.95, 42.289495, -71.359063, 15.36, -0.72482
11.01, 42.289487, -71.359064, 15.34, -0.32250
11.07, 42.289479, -71.359065, 15.33, -0.23887
11.12, 42.289472, -71.359066, 15.31, -0.04415
11.18, 42.289464, -71.359067, 15.28, 0.04279
11.23, 42.289457, -71.359068, 15.26, -0.31023
11.29, 42.289449, -71.359069, 15.28, -0.58175
11.34, 42.289434, -71.359071, 15.27, -0.32900
11.40, 42.289426, -71.359072, 15.25, -0.33692
11.46, 42.289419, -71.359073, 15.22, -0.18120
11.51, 42.289411, -71.359074, 15.23, -0.25935
11.57, 42.289404, -71.359076, 15.25, -0.23604
11.62, 42.289396, -71.359077, 15.28, -0.18205
11.68, 42.289388, -71.359078, 15.28, -0.33464
11.73, 42.289381, -71.359079, 15.28, -0.30737
11.79, 42.289373, -71.359080, 15.30, -0.14453
11.84, 42.289365, -71.359081, 15.35, -0.16974
11.90, 42.289358, -71.359082, 15.40, -0.10132
11.96, 42.289350, -71.359083, 15.40, -0.12820
12.01, 42.289342, -71.359084, 15.36, -0.14533
12.07, 42.289335, -71.359085, 15.36, -0.09780
12.12, 42.289327, -71.359086, 15.35, -0.06723
12.18, 42.289320, -71.359087, 15.35, -0.01914
12.23, 42.289312, -71.359088, 15.35, -0.07912
12.29, 42.289304, -71.359089, 15.35, -0.01779
12.35, 42.289297, -71.359090, 15.36, -0.07778
12.40, 42.289289, -71.359091, 15.37, -0.04083
12.46, 42.289281, -71.359092, 15.36, -0.01790
12.51, 42.289274, -71.359093, 15.35, -0.02565
12.57, 42.289266, -71.359094, 15.34, -0.15695
12.62, 42.289258, -71.359095, 15.37, -0.26062
12.68, 42.289251, -71.359096, 15.37, -0.09280
12.73, 42.289243, -71.359097, 15.37, 0.15766
12.79, 42.289235, -71.359098, 15.36, 0.31361
12.85, 42.289228, -71.359099, 15.36, 0.39804
12.90, 42.289220, -71.359100, 15.37, 0.32710
13.01, 42.289212, -71.359101, 15.37, -0.18362
13.07, 42.289205, -71.359102, 15.37, -0.16078
13.12, 42.289197, -71.359103, 15.34, -0.10976
13.18, 42.289189, -71.359104, 15.36, 0.02295
13.24, 42.289182, -71.359105, 15.35, 0.19747
13.29, 42.289174, -71.359106, 15.36, 0.21362
13.35, 42.289166, -71.359107, 15.34, 0.14760
13.40, 42.289159, -71.359108, 15.32, 0.05871
13.46, 42.289151, -71.359109, 15.30, -0.01470
13.51, 42.289143, -71.359110, 15.31, 0.06999
13.57, 42.289136, -71.359111, 15.29, 0.02837
13.62, 42.289128, -71.359112, 15.28, -0.34838
13.68, 42.289121, -71.359113, 15.26, -0.22362
13.74, 42.289113, -71.359114, 15.23, -0.42719
13.79, 42.289105, -71.359115, 15.20, 0.42209
13.85, 42.289098, -71.359116, 15.16, 0.59851
13.90, 42.289090, -71.359117, 15.15, 0.28780
13.96, 42.289083, -71.359118, 15.14, -0.03204
14.01, 42.289075, -71.359119, 15.13, -0.06648
14.01, 42.289068, -71.359120, 15.11, 0.69070
14.07, 42.289060, -71.359121, 15.10, 1.05306
14.13, 42.289053, -71.359122, 15.07, 0.59141
14.18, 42.289045, -71.359123, 15.03, 0.29404
14.24, 42.289038, -71.359124, 15.00, 0.63495
14.29, 42.289031, -71.359125, 14.98, 0.99253
14.35, 42.289023, -71.359126, 14.94, 0.72672
14.40, 42.289016, -71.359126, 14.90, 0.55763
14.46, 42.289009, -71.359127, 14.84, 0.70587
14.51, 42.289001, -71.359128, 14.75, 0.60712
14.57, 42.288994, -71.359129, 14.68, 0.92064
14.63, 42.288987, -71.359129, 14.61, 0.73567
14.68, 42.288980, -71.359130, 14.56, 0.60901
14.74, 42.288973, -71.359131, 14.52, 0.72162
14.79, 42.288966, -71.359132, 14.49, 0.92465
14.85, 42.288958, -71.359133, 14.44, 0.91473
14.90, 42.288951, -71.359134, 14.40, 0.60493
14.96, 42.288944, -71.359135, 14.37, 0.68792
15.02, 42.288937, -71.359136, 14.33, 0.77112
15.07, 42.288930, -71.359137, 14.29, 0.81002
15.13, 42.288923, -71.359138, 14.27, 0.77817
15.18, 42.288916, -71.359139, 14.23, 0.54577
15.24, 42.288909, -71.359140, 14.19, 0.72943
15.29, 42.288902, -71.359141, 14.18, 0.94326
15.35, 42.288895, -71.359142, 14.16, 0.78241
15.40, 42.288888, -71.359143, 14.11, 0.43848
15.46, 42.288881, -71.359144, 14.10, 0.50186
15.52, 42.288874, -71.359145, 14.07, 0.82172
15.57, 42.288868, -71.359146, 14.04, 0.52651
15.63, 42.288861, -71.359147, 14.01, 0.49053
15.68, 42.288854, -71.359148, 14.00, 0.61174
15.74, 42.288847, -71.359150, 14.00, 0.53859
15.79, 42.288840, -71.359151, 14.01, 0.44000
15.85, 42.288833, -71.359152, 13.99, 0.45111
15.90, 42.288826, -71.359153, 13.98, 0.53556
15.96, 42.288820, -71.359154, 13.98, 0.49659
16.02, 42.288812, -71.359155, 13.99, 0.35905
16.07, 42.288806, -71.359156, 14.00, 0.40499
16.13, 42.288798, -71.359157, 14.02, 0.38820
16.18, 42.288792, -71.359158, 14.05, 0.33130
16.24, 42.288784, -71.359159, 14.09, 0.29402
16.29, 42.288777, -71.359161, 14.13, 0.26425
16.35, 42.288770, -71.359161, 14.17, 0.39036
16.40, 42.288763, -71.359162, 14.21, 0.39860
16.46, 42.288756, -71.359164, 14.25, 0.36457
16.52, 42.288749, -71.359165, 14.30, 0.41432
16.57, 42.288742, -71.359166, 14.32, 0.12589
16.63, 42.288734, -71.359167, 14.36, -0.00781
16.68, 42.288727, -71.359168, 14.41, -0.05578
16.74, 42.288720, -71.359169, 14.42, -0.07850
16.79, 42.288713, -71.359169, 14.43, 0.03577
16.85, 42.288705, -71.359171, 14.46, 0.05669
16.90, 42.288698, -71.359172, 14.51, 0.19979
16.96, 42.288691, -71.359172, 14.54, 0.24483
17.02, 42.288683, -71.359173, 14.57, -0.27767
17.07, 42.288676, -71.359174, 14.60, -0.61692
17.13, 42.288669, -71.359175, 14.62, -0.33847
17.18, 42.288661, -71.359176, 14.67, 0.12885
17.24, 42.288654, -71.359177, 14.71, -0.24561
17.29, 42.288646, -71.359178, 14.72, -0.75697
17.35, 42.288639, -71.359179, 14.73, -1.25066
17.41, 42.288632, -71.359181, 14.77, -0.60366
17.46, 42.288624, -71.359182, 14.77, -0.41611
17.52, 42.288617, -71.359183, 14.75, -0.63765
17.57, 42.288609, -71.359184, 14.74, -1.31133
17.63, 42.288602, -71.359185, 14.74, -0.71335
17.68, 42.288595, -71.359186, 14.74, -0.63479
17.74, 42.288587, -71.359187, 14.71, -0.39007
17.79, 42.288580, -71.359188, 14.67, -0.73289
17.85, 42.288573, -71.359189, 14.63, -1.14170
17.91, 42.288565, -71.359191, 14.60, -0.69547
17.96, 42.288558, -71.359192, 14.57, -0.55758
18.02, 42.288551, -71.359193, 14.52, -0.01568
18.02, 42.288544, -71.359194, 14.50, -0.90743
18.07, 42.288536, -71.359195, 14.53, -0.66008
18.13, 42.288529, -71.359196, 14.51, -1.01690
18.18, 42.288522, -71.359197, 14.49, -0.84273
18.24, 42.288515, -71.359198, 14.45, -0.39088
18.30, 42.288508, -71.359199, 14.43, -0.98943
18.35, 42.288501, -71.359200, 14.42, -0.64280
18.41, 42.288494, -71.359201, 14.43, -0.53977
18.46, 42.288487, -71.359202, 14.43, -0.70426
18.52, 42.288480, -71.359203, 14.45, -0.60356
18.57, 42.288472, -71.359204, 14.47, -0.86141
18.63, 42.288465, -71.359205, 14.48, -0.62088
18.68, 42.288458, -71.359206, 14.50, -0.63374
18.74, 42.288451, -71.359207, 14.51, -0.36960
18.80, 42.288444, -71.359208, 14.53, -0.18872
18.85, 42.288436, -71.359208, 14.54, -0.43824
18.91, 42.288429, -71.359209, 14.55, -0.60617
18.96, 42.288422, -71.359210, 14.59, -0.98257
19.02, 42.288415, -71.359211, 14.63, -0.66543
19.07, 42.288407, -71.359212, 14.64, -0.45034
19.13, 42.288400, -71.359213, 14.69, -0.34788
19.19, 42.288393, -71.359214, 14.74, -0.07298
19.24, 42.288385, -71.359215, 14.75, 0.13232
19.30, 42.288378, -71.359216, 14.77, 0.26106
19.35, 42.288371, -71.359216, 14.79, -0.01364
19.41, 42.288364, -71.359217, 14.84, -0.27316
19.46, 42.288356, -71.359218, 14.87, -0.21767
19.52, 42.288349, -71.359219, 14.90, -0.02552
19.57, 42.288341, -71.359220, 14.93, -0.12920
19.63, 42.288334, -71.359221, 14.98, -0.39816
19.69, 42.288326, -71.359222, 15.01, -0.31778
19.74, 42.288319, -71.359223, 15.05, -0.77568
19.80, 42.288311, -71.359224, 15.10, -0.44529
19.85, 42.288304, -71.359225, 15.11, 0.28722
19.91, 42.288296, -71.359226, 15.11, 1.01840
19.96, 42.288289, -71.359227, 15.11, 0.51114
20.02, 42.288281, -71.359228, 15.11, -0.27930
20.08, 42.288274, -71.359229, 15.14, 0.23238
20.13, 42.288266, -71.359230, 15.17, 1.57445
20.19, 42.288259, -71.359231, 15.19, 0.42672
20.24, 42.288251, -71.359232, 15.21, -0.38771
20.30, 42.288244, -71.359233, 15.23, 1.24801
20.35, 42.288236, -71.359234, 15.23, 1.23829
20.41, 42.288229, -71.359234, 15.21, 0.63048
20.46, 42.288221, -71.359235, 15.20, -0.10932
20.52, 42.288214, -71.359236, 15.18, 0.72595
20.58, 42.288206, -71.359237, 15.16, 0.76740
20.63, 42.288199, -71.359238, 15.13, 0.55417
20.69, 42.288191, -71.359239, 15.12, 0.76789
20.74, 42.288184, -71.359240, 15.09, 0.78475
20.80, 42.288177, -71.359241, 15.05, 0.93502
20.85, 42.288169, -71.359242, 15.04, 0.54164
20.91, 42.288162, -71.359243, 15.03, 0.73489
20.96, 42.288154, -71.359244, 15.01, 0.74995
21.02, 42.288147, -71.359245, 14.99, 0.55887
21.08, 42.288140, -71.359246, 14.98, 0.86441
21.13, 42.288132, -71.359247, 14.96, 0.66860
21.19, 42.288125, -71.359248, 14.93, 0.52873
21.24, 42.288118, -71.359249, 14.91, 0.63555
21.30, 42.288110, -71.359250, 14.90, 0.89477
21.35, 42.288103, -71.359251, 14.89, 0.93872
21.41, 42.288095, -71.359252, 14.88, 0.96723
21.47, 42.288088, -71.359253, 14.87, 0.63521
21.52, 42.288081, -71.359254, 14.86, 0.24610
21.58, 42.288073, -71.359255, 14.87, 0.46687
21.63, 42.288066, -71.359257, 14.87, 0.50935
21.69, 42.288059, -71.359257, 14.89, 0.44205
21.74, 42.288051, -71.359259, 14.90, 0.03909
21.80, 42.288044, -71.359260, 14.90, 0.30558
21.85, 42.288036, -71.359261, 14.92, 0.46881
21.91, 42.288029, -71.359262, 14.94, 0.62789
21.97, 42.288022, -71.359263, 14.94, 0.67192
22.02, 42.288014, -71.359264, 14.95, 0.32398
22.08, 42.288007, -71.359265, 14.99, 0.23824
22.13, 42.287999, -71.359266, 15.03, 0.23151
22.19, 42.287992, -71.359267, 15.04, 0.28643
22.24, 42.287984, -71.359268, 15.07, 0.20132
22.30, 42.287977, -71.359269, 15.09, 0.24463
22.36, 42.287969, -71.359270, 15.12, 0.25988
22.41, 42.287962, -71.359271, 15.12, 0.07023
22.47, 42.287954, -71.359272, 15.13, 0.19808
22.52, 42.287947, -71.359273, 15.16, 0.07051
22.58, 42.287939, -71.359274, 15.19, -0.13211
22.63, 42.287932, -71.359275, 15.21, 0.13811
22.69, 42.287924, -71.359276, 15.22, -0.24291
22.74, 42.287917, -71.359277, 15.23, -0.02808
22.80, 42.287909, -71.359278, 15.26, -0.16607
22.86, 42.287901, -71.359279, 15.28, -0.16408
22.91, 42.287894, -71.359280, 15.28, -0.23038
22.97, 42.287886, -71.359281, 15.29, -0.81019
23.02, 42.287879, -71.359282, 15.31, -0.04056
23.02, 42.287871, -71.359283, 15.32, -0.52242
23.08, 42.287864, -71.359284, 15.30, -0.48113
23.13, 42.287856, -71.359285, 15.30, -0.24394
23.19, 42.287849, -71.359286, 15.30, -0.18343
23.25, 42.287841, -71.359287, 15.29, -1.57140
23.30, 42.287833, -71.359288, 15.28, -1.03152
23.36, 42.287826, -71.359289, 15.22, -0.35078
23.41, 42.287819, -71.359290, 15.16, -0.31817
23.47, 42.287811, -71.359291, 15.13, -0.79220
23.52, 42.287804, -71.359293, 15.08, -0.53869
23.58, 42.287796, -71.359294, 15.03, -0.95271
23.63, 42.287789, -71.359295, 14.95, -0.57400
23.69, 42.287782, -71.359296, 14.91, -0.94675
23.75, 42.287775, -71.359297, 14.87, -0.85024
23.80, 42.287767, -71.359298, 14.84, -0.91005
23.86, 42.287760, -71.359299, 14.79, -0.70010
23.91, 42.287753, -71.359300, 14.77, -0.97035
23.97, 42.287746, -71.359301, 14.75, -0.51524
24.02, 42.287738, -71.359302, 14.72, -0.98466
24.08, 42.287731, -71.359303, 14.71, -0.78411
24.14, 42.287724, -71.359304, 14.69, -0.53508
24.19, 42.287717, -71.359305, 14.69, -0.66017
24.25, 42.287709, -71.359306, 14.68, -0.80919
24.30, 42.287702, -71.359306, 14.68, -0.70249
24.36, 42.287695, -71.359307, 14.69, -0.54800
24.41, 42.287687, -71.359308, 14.69, -0.34976
24.47, 42.287680, -71.359309, 14.69, -0.49582
24.52, 42.287673, -71.359310, 14.70, -0.45802
24.58, 42.287666, -71.359311, 14.70, -0.34196
24.64, 42.287658, -71.359312, 14.69, -1.40303
24.69, 42.287651, -71.359313, 14.72, -0.97719
24.75, 42.287644, -71.359314, 14.75, -0.41552
24.80, 42.287636, -71.359314, 14.78, -0.25290
24.86, 42.287629, -71.359315, 14.79, -0.19246
24.91, 42.287614, -71.359317, 14.84, -0.09012
25.02, 42.287607, -71.359318, 14.83, -0.37625
25.08, 42.287599, -71.359319, 14.85, -0.15931
25.14, 42.287592, -71.359320, 14.86, -0.07027
25.19, 42.287584, -71.359321, 14.87, -0.38379
25.25, 42.287577, -71.359321, 14.87, -0.14536
25.30, 42.287570, -71.359322, 14.89, 0.13720
25.36, 42.287562, -71.359323, 14.92, 0.03526
25.41, 42.287555, -71.359324, 14.94, -0.00441
25.47, 42.287547, -71.359325, 14.94, 0.13734
25.52, 42.287540, -71.359326, 14.94, 0.09113
25.58, 42.287532, -71.359327, 14.96, 0.34991
25.64, 42.287525, -71.359328, 14.97, 0.45228
25.69, 42.287517, -71.359328, 14.97, -0.17504
25.75, 42.287510, -71.359329, 14.99, 0.89463
25.80, 42.287503, -71.359330, 14.93, 1.29783
25.86, 42.287496, -71.359330, 14.84, -0.86238
25.91, 42.287488, -71.359331, 14.80, 1.80892
25.97, 42.287481, -71.359332, 14.81, 0.85571
26.03, 42.287474, -71.359333, 14.81, 0.05202
26.08, 42.287467, -71.359333, 14.80, 0.66830
26.14, 42.287459, -71.359334, 14.79, 1.12897
26.19, 42.287452, -71.359335, 14.74, 0.70174
26.25, 42.287445, -71.359336, 14.69, 0.43906
26.30, 42.287438, -71.359336, 14.68, 0.96561
26.36, 42.287430, -71.359337, 14.70, 0.70145
26.41, 42.287423, -71.359338, 14.68, 0.58409
26.47, 42.287416, -71.359339, 14.63, 0.72543
26.53, 42.287409, -71.359340, 14.58, 0.83544
26.58, 42.287402, -71.359341, 14.55, 0.60413
26.64, 42.287395, -71.359342, 14.53, 0.78330
26.69, 42.287388, -71.359342, 14.51, 1.00656
26.75, 42.287380, -71.359343, 14.49, 0.63763
26.80, 42.287373, -71.359344, 14.48, 0.26583
26.86, 42.287366, -71.359345, 14.48, 0.58970
26.91, 42.287359, -71.359346, 14.48, 0.84941
26.97, 42.287352, -71.359347, 14.46, 0.96939
27.03, 42.287345, -71.359348, 14.46, 0.87569
27.08, 42.287338, -71.359349, 14.48, 0.48975
27.14, 42.287330, -71.359350, 14.49, 0.22492
27.19, 42.287323, -71.359351, 14.48, 0.43934
27.25, 42.287316, -71.359352, 14.48, 0.51112
27.30, 42.287309, -71.359353, 14.47, 0.49535
27.36, 42.287302, -71.359354, 14.50, 0.44199
27.42, 42.287295, -71.359355, 14.52, 0.29262
27.47, 42.287288, -71.359356, 14.55, 0.21999
27.53, 42.287280, -71.359357, 14.58, 0.30259
27.58, 42.287273, -71.359358, 14.60, 0.28586
27.64, 42.287266, -71.359359, 14.63, 0.33369
27.69, 42.287259, -71.359360, 14.66, 0.34163
27.75, 42.287251, -71.359361, 14.71, 0.37992
27.80, 42.287244, -71.359362, 14.74, 0.48101
27.86, 42.287236, -71.359363, 14.77, 0.12045
27.92, 42.287229, -71.359364, 14.83, 0.05907
27.97, 42.287222, -71.359365, 14.86, 0.15387
28.03, 42.287214, -71.359366, 14.91, 0.07291
28.03, 42.287207, -71.359367, 14.95, 0.03008
28.08, 42.287199, -71.359368, 15.00, 0.17107
28.14, 42.287191, -71.359369, 15.06, -0.12860
28.19, 42.287184, -71.359370, 15.09, -0.32699
28.25, 42.287177, -71.359372, 15.13, -0.18930
28.31, 42.287169, -71.359373, 15.17, 0.09258
28.36, 42.287161, -71.359374, 15.20, -0.05110
28.42, 42.287154, -71.359375, 15.21, -0.09642
28.47, 42.287146, -71.359376, 15.23, -0.20935
28.53, 42.287138, -71.359377, 15.26, -0.34619
28.58, 42.287131, -71.359378, 15.29, -0.83491
28.64, 42.287123, -71.359379, 15.27, -0.54768
28.69, 42.287116, -71.359380, 15.26, -0.47828
28.75, 42.287108, -71.359381, 15.25, -0.32157
28.81, 42.287101, -71.359382, 15.20, -1.08643
28.86, 42.287093, -71.359384, 15.18, -0.96304
28.92, 42.287086, -71.359385, 15.16, -0.88616
28.97, 42.287078, -71.359386, 15.15, -0.39377
29.03, 42.287071, -71.359387, 15.10, -0.36753
29.08, 42.287064, -71.359388, 15.05, -0.78930
29.14, 42.287056, -71.359389, 15.02, -0.82242
29.20, 42.287049, -71.359391, 14.99, -0.74912
29.25, 42.287042, -71.359392, 14.93, -0.67946
29.31, 42.287034, -71.359393, 14.92, -0.87556
29.36, 42.287027, -71.359394, 14.89, -0.87977
29.42, 42.287020, -71.359395, 14.88, -0.56849
29.47, 42.287013, -71.359396, 14.85, -0.99903
29.53, 42.287005, -71.359397, 14.80, -0.65007
29.58, 42.286998, -71.359398, 14.76, -0.63221
29.64, 42.286991, -71.359399, 14.74, -0.89391
29.70, 42.286983, -71.359400, 14.74, -0.88015
29.75, 42.286976, -71.359401, 14.73, -0.64152
29.81, 42.286969, -71.359402, 14.71, -0.63975
29.86, 42.286962, -71.359403, 14.69, -0.68380
29.92, 42.286954, -71.359404, 14.68, -0.66583
29.97, 42.286947, -71.359405, 14.67, -0.58959
30.03, 42.286940, -71.359406, 14.66, -0.38789
30.09, 42.286932, -71.359407, 14.66, -0.54617
30.14, 42.286925, -71.359408, 14.68, -0.48270
30.20, 42.286918, -71.359409, 14.67, -0.37463
30.25, 42.286903, -71.359411, 14.68, -1.47111
30.31, 42.286896, -71.359412, 14.68, -1.19325
30.36, 42.286889, -71.359413, 14.68, -0.39535
30.42, 42.286882, -71.359414, 14.68, -0.19628
30.47, 42.286874, -71.359415, 14.71, -0.18454
30.53, 42.286867, -71.359416, 14.74, -0.04052
30.59, 42.286860, -71.359416, 14.77, -0.01766
30.64, 42.286852, -71.359418, 14.78, 0.20199
30.70, 42.286845, -71.359419, 14.80, -0.25936
30.75, 42.286838, -71.359420, 14.82, -0.35835
30.81, 42.286830, -71.359420, 14.84, -0.09822
30.86, 42.286823, -71.359421, 14.85, -0.00500
30.92, 42.286816, -71.359422, 14.86, -0.01511
31.03, 42.286808, -71.359423, 14.86, -0.06477
31.09, 42.286801, -71.359424, 14.89, 0.06836
31.14, 42.286793, -71.359425, 14.91, 0.11863
31.20, 42.286786, -71.359426, 14.93, 0.25037
31.25, 42.286779, -71.359427, 14.95, 0.05278
31.31, 42.286771, -71.359428, 14.97, 0.06766
31.36, 42.286764, -71.359429, 15.02, 0.12658
31.42, 42.286756, -71.359430, 15.04, 0.19231
31.48, 42.286749, -71.359431, 15.09, 0.29409
31.53, 42.286741, -71.359432, 15.12, 1.75522
31.59, 42.286734, -71.359433, 15.15, -0.16828
31.64, 42.286726, -71.359434, 15.15, 0.21022
31.70, 42.286719, -71.359435, 15.11, 0.76435
31.75, 42.286712, -71.359436, 15.08, 1.27734
31.81, 42.286704, -71.359437, 15.04, -0.22736
31.86, 42.286697, -71.359438, 15.00, 0.47499
31.92, 42.286690, -71.359438, 14.97, 0.50669
31.98, 42.286682, -71.359439, 14.96, 0.25331
32.03, 42.286675, -71.359440, 14.96, 0.09843
32.03, 42.286668, -71.359441, 14.94, 0.60416
32.09, 42.286661, -71.359442, 14.91, 0.34476
32.14, 42.286646, -71.359444, 14.90, 0.83803
32.20, 42.286639, -71.359445, 14.90, 0.82909
32.25, 42.286631, -71.359446, 14.87, -0.15211
32.31, 42.286624, -71.359447, 14.83, -0.21385
32.37, 42.286617, -71.359448, 14.79, 0.48513
32.42, 42.286610, -71.359449, 14.77, 0.44221
32.48, 42.286603, -71.359450, 14.77, 0.51374
32.53, 42.286595, -71.359451, 14.76, 0.53280
32.59, 42.286588, -71.359452, 14.74, 0.34738
32.64, 42.286581, -71.359453, 14.76, -0.21392
32.70, 42.286573, -71.359454, 14.79, 0.16096
32.75, 42.286566, -71.359455, 14.83, 0.19033
32.81, 42.286559, -71.359456, 14.84, 0.20468
32.87, 42.286551, -71.359457, 14.88, 0.52174
33.03, 42.286544, -71.359458, 14.91, 0.10855
33.09, 42.286536, -71.359459, 14.92, 0.08313
33.14, 42.286529, -71.359460, 14.92, 0.30537
33.20, 42.286522, -71.359461, 14.92, 0.40471
33.26, 42.286514, -71.359462, 14.91, -0.05824
33.31, 42.286507, -71.359463, 14.91, -0.08770
33.37, 42.286499, -71.359464, 14.94, -0.13728
33.42, 42.286485, -71.359465, 14.95, -0.16795
33.48, 42.286477, -71.359466, 14.95, -0.10766
33.53, 42.286470, -71.359467, 14.92, 0.06250
33.59, 42.286463, -71.359468, 14.93, 0.35705
33.64, 42.286455, -71.359469, 14.95, -0.07958
33.70, 42.286448, -71.359470, 14.99, -0.00772
33.76, 42.286440, -71.359471, 14.98, -0.09929
33.81, 42.286433, -71.359472, 15.01, -0.01092
33.87, 42.286425, -71.359473, 15.03, -0.05663
33.92, 42.286418, -71.359473, 15.02, 0.08635
33.98, 42.286411, -71.359474, 15.04, 0.08683
34.03, 42.286403, -71.359475, 15.06, -0.17859
34.09, 42.286396, -71.359476, 15.05, 0.03295
34.15, 42.286388, -71.359477, 15.05, 0.00275
34.20, 42.286381, -71.359478, 15.04, -0.09142
34.26, 42.286374, -71.359479, 15.07, -0.07660
34.31, 42.286366, -71.359480, 15.09, -0.05296
34.37, 42.286359, -71.359481, 15.09, 0.03147
34.42, 42.286351, -71.359482, 15.07, 0.07945
34.48, 42.286344, -71.359483, 15.06, -0.19254
34.53, 42.286336, -71.359484, 15.06, -0.20013
34.59, 42.286329, -71.359485, 15.05, -0.09978
34.65, 42.286321, -71.359486, 15.02, 0.01437
34.70, 42.286314, -71.359487, 15.01, 0.35172
34.76, 42.286307, -71.359488, 15.00, 0.11612
34.81, 42.286299, -71.359489, 14.98, 0.01551
34.87, 42.286292, -71.359490, 14.99, -0.12255
34.92, 42.286285, -71.359491, 15.01, -0.17750
34.98, 42.286277, -71.359493, 14.99, -0.04659
35.03, 42.286270, -71.359494, 15.00, 0.10841
35.09, 42.286262, -71.359495, 15.00, 0.14154
35.15, 42.286255, -71.359496, 15.01, -0.03530
35.20, 42.286248, -71.359497, 15.01, -0.20776
35.26, 42.286240, -71.359498, 15.01, -0.20523
35.31, 42.286233, -71.359499, 14.99, -0.07187
35.37, 42.286225, -71.359500, 14.98, -0.08697
35.42, 42.286218, -71.359501, 14.96, -0.14250
35.48, 42.286211, -71.359502, 14.97, 0.13414
35.53, 42.286203, -71.359503, 14.95, 0.14555
35.59, 42.286196, -71.359504, 14.93, 0.21796
35.65, 42.286189, -71.359505, 14.92, 0.21563
35.70, 42.286181, -71.359506, 14.91, -0.00563
35.76, 42.286174, -71.359507, 14.89, 0.04055
35.81, 42.286167, -71.359508, 14.88, -0.04029
35.87, 42.286160, -71.359509, 14.87, -0.06191
35.92, 42.286152, -71.359510, 14.87, 0.04594
35.98, 42.286145, -71.359511, 14.86, -0.03006
36.04, 42.286138, -71.359512, 14.87, 0.00512
36.09, 42.286130, -71.359513, 14.87, 0.03417
36.15, 42.286123, -71.359514, 14.88, -0.01583
36.20, 42.286116, -71.359515, 14.88, -0.00100
36.26, 42.286108, -71.359516, 14.88, -0.05653
36.31, 42.286101, -71.359517, 14.89, -0.00435
36.37, 42.286094, -71.359518, 14.92, -0.12091
36.42, 42.286086, -71.359519, 14.91, -0.26264
36.48, 42.286079, -71.359520, 14.87, 0.00081
36.54, 42.286072, -71.359521, 14.87, 0.15786
36.59, 42.286065, -71.359522, 14.88, 0.11526
36.65, 42.286057, -71.359523, 14.89, 0.01387
36.70, 42.286050, -71.359524, 14.88, -0.02210
36.76, 42.286043, -71.359525, 14.86, 0.00517
36.81, 42.286035, -71.359526, 14.85, -0.25786
36.87, 42.286028, -71.359527, 14.85, -0.23106
36.92, 42.286021, -71.359528, 14.82, -0.01614
36.98, 42.286014, -71.359529, 14.82, 0.13681
37.04, 42.286006, -71.359530, 14.82, 0.07397
37.09, 42.285999, -71.359530, 14.82, 0.14955
37.15, 42.285992, -71.359531, 14.80, 0.06186
37.20, 42.285984, -71.359532, 14.80, -0.09341
37.26, 42.285977, -71.359533, 14.81, -0.06192
37.31, 42.285970, -71.359534, 14.82, 0.01721
37.37, 42.285963, -71.359535, 14.79, 0.01150
37.43, 42.285956, -71.359536, 14.77, -0.00546
37.48, 42.285948, -71.359536, 14.77, 0.09373
37.54, 42.285941, -71.359537, 14.79, 0.26244
37.59, 42.285934, -71.359538, 14.77, 0.13042
37.65, 42.285927, -71.359539, 14.77, 0.03715
37.70, 42.285919, -71.359539, 14.76, 0.02072
37.76, 42.285912, -71.359540, 14.73, 0.09699
37.81, 42.285905, -71.359541, 14.74, 0.04309
37.87, 42.285898, -71.359542, 14.74, 0.02095
37.93, 42.285891, -71.359543, 14.74, 0.10431
37.98, 42.285883, -71.359543, 14.74, 0.05364
38.04, 42.285876, -71.359544, 14.74, 0.03920
38.04, 42.285869, -71.359545, 14.74, 0.08155
38.09, 42.285862, -71.359545, 14.74, 0.07659
38.15, 42.285855, -71.359546, 14.74, 0.01819
38.20, 42.285848, -71.359547, 14.75, 0.09366
38.26, 42.285841, -71.359547, 14.72, 0.08207
38.32, 42.285834, -71.359548, 14.68, 0.07143
38.37, 42.285827, -71.359548, 14.67, 0.07003
38.43, 42.285820, -71.359549, 14.64, 0.08397
38.48, 42.285813, -71.359549, 14.62, 0.07075
38.54, 42.285806, -71.359549, 14.61, 0.12739
38.59, 42.285798, -71.359550, 14.62, -0.08344
38.65, 42.285791, -71.359550, 14.63, 0.00292
38.70, 42.285784, -71.359550, 14.62, -0.02604
38.76, 42.285777, -71.359551, 14.62, 0.36244
38.82, 42.285770, -71.359551, 14.63, 0.24614
38.87, 42.285763, -71.359551, 14.66, 0.12716
38.93, 42.285756, -71.359551, 14.69, 0.19051
39.04, 42.285748, -71.359551, 14.71, 0.18091
39.09, 42.285741, -71.359551, 14.71, 0.24496
39.15, 42.285734, -71.359551, 14.71, 0.15770
39.21, 42.285727, -71.359551, 14.71, 0.14417
39.26, 42.285719, -71.359551, 14.72, 0.26252
39.32, 42.285712, -71.359551, 14.72, 0.21028
39.37, 42.285705, -71.359551, 14.73, 0.26353
39.43, 42.285697, -71.359550, 14.71, 0.18961
39.48, 42.285690, -71.359550, 14.70, 0.28687
39.54, 42.285683, -71.359549, 14.70, 0.38380
39.59, 42.285676, -71.359549, 14.71, 0.32764
39.65, 42.285668, -71.359548, 14.68, 0.49931
39.71, 42.285661, -71.359548, 14.66, 0.32176
39.76, 42.285654, -71.359547, 14.65, 0.42927
39.82, 42.285647, -71.359546, 14.63, 0.53784
39.87, 42.285640, -71.359545, 14.60, 0.47879
39.93, 42.285633, -71.359544, 14.59, 0.37712
39.98, 42.285626, -71.359543, 14.56, 0.42112
40.04, 42.285619, -71.359542, 14.53, 0.10524
40.04, 42.285612, -71.359541, 14.49, 0.66318
40.10, 42.285604, -71.359539, 14.46, 0.45733
40.15, 42.285598, -71.359538, 14.43, 0.37439
40.21, 42.285590, -71.359536, 14.42, 0.38821
40.26, 42.285584, -71.359535, 14.40, 0.59522
40.32, 42.285577, -71.359533, 14.38, 0.51980
40.37, 42.285570, -71.359531, 14.36, 0.53107
40.43, 42.285563, -71.359529, 14.35, 0.44113
40.48, 42.285556, -71.359528, 14.32, 0.47371
40.54, 42.285549, -71.359526, 14.31, 0.56510
40.60, 42.285542, -71.359524, 14.31, 0.58083
40.65, 42.285536, -71.359521, 14.28, 0.30369
40.71, 42.285529, -71.359519, 14.27, 0.59728
40.76, 42.285522, -71.359517, 14.27, 0.43432
40.82, 42.285515, -71.359515, 14.25, 0.47595
40.87, 42.285508, -71.359512, 14.23, 0.51982
40.93, 42.285502, -71.359510, 14.22, 0.43211
40.98, 42.285495, -71.359507, 14.19, 0.33997
41.04, 42.285488, -71.359504, 14.15, 0.51449
41.10, 42.285482, -71.359502, 14.07, 0.43494
41.15, 42.285476, -71.359499, 13.97, 0.47562
41.21, 42.285469, -71.359497, 13.87, 0.23134
41.26, 42.285463, -71.359494, 13.75, 0.50235
41.32, 42.285457, -71.359491, 13.61, 0.40174
41.37, 42.285451, -71.359489, 13.43, 0.57647
41.43, 42.285445, -71.359486, 13.28, 0.50675
41.49, 42.285440, -71.359483, 13.10, 0.49746
41.54, 42.285434, -71.359481, 12.94, 0.56140
41.60, 42.285428, -71.359478, 12.76, 0.46720
41.65, 42.285423, -71.359476, 12.62, 0.51738
41.71, 42.285417, -71.359473, 12.46, 0.49764
41.76, 42.285412, -71.359470, 12.28, 0.42445
41.82, 42.285407, -71.359468, 12.13, 0.36387
41.87, 42.285402, -71.359465, 11.98, 0.31931
41.93, 42.285396, -71.359463, 11.84, 0.46114
41.99, 42.285391, -71.359460, 11.72, 0.43095
42.04, 42.285386, -71.359458, 11.55, 0.43230
42.10, 42.285381, -71.359455, 11.38, 0.40214
42.15, 42.285376, -71.359453, 11.25, 0.29144
42.21, 42.285372, -71.359450, 11.11, 0.29091
42.26, 42.285367, -71.359448, 10.98, 0.22697
42.32, 42.285362, -71.359446, 10.84, 0.25240
42.38, 42.285357, -71.359443, 10.72, 0.26060
42.43, 42.285353, -71.359441, 10.62, 0.26107
42.49, 42.285348, -71.359439, 10.52, 0.25680
42.54, 42.285344, -71.359437, 10.40, 0.30801
42.60, 42.285339, -71.359434, 10.27, 0.32445
42.65, 42.285334, -71.359432, 10.16, 0.29335
42.71, 42.285330, -71.359430, 10.07, 0.25349
42.76, 42.285326, -71.359428, 9.94, 0.24529
42.82, 42.285321, -71.359426, 9.81, 0.24903
42.88, 42.285317, -71.359424, 9.72, 0.23570
42.93, 42.285313, -71.359422, 9.62, 0.23381
42.99, 42.285308, -71.359420, 9.51, 0.20332
43.04, 42.285304, -71.359418, 9.39, 0.19792
43.10, 42.285300, -71.359416, 9.28, 0.10909
43.15, 42.285296, -71.359414, 9.20, 0.01984
43.21, 42.285292, -71.359413, 9.12, 0.05879
43.27, 42.285288, -71.359411, 9.00, -0.03972
43.32, 42.285284, -71.359409, 8.88, -0.02121
43.38, 42.285280, -71.359407, 8.77, 0.04838
43.43, 42.285276, -71.359406, 8.66, 0.11503
43.49, 42.285273, -71.359404, 8.57, 0.13380
43.54, 42.285269, -71.359402, 8.48, 0.09061
43.60, 42.285265, -71.359401, 8.37, 0.03461
43.65, 42.285261, -71.359399, 8.28, 0.05214
43.71, 42.285258, -71.359398, 8.18, 0.06244
43.77, 42.285254, -71.359396, 8.08, 0.05272
43.82, 42.285251, -71.359395, 7.97, 0.03077
43.88, 42.285247, -71.359393, 7.87, 0.04545
43.93, 42.285244, -71.359392, 7.79, 0.04194
43.99, 42.285240, -71.359391, 7.71, 0.57092
44.04, 42.285237, -71.359390, 7.64, 0.15148
44.04, 42.285233, -71.359388, 7.57, 0.56741
44.10, 42.285230, -71.359387, 7.53, 0.14880
44.16, 42.285226, -71.359386, 7.49, 0.12305
44.21, 42.285223, -71.359385, 7.43, 0.35738
44.27, 42.285220, -71.359384, 7.37, 0.29868
44.32, 42.285216, -71.359383, 7.29, 0.22670
44.38, 42.285213, -71.359382, 7.21, 0.34792
44.43, 42.285210, -71.359381, 7.14, 0.30767
44.49, 42.285207, -71.359380, 7.00, 0.21104
44.54, 42.285204, -71.359379, 6.88, 0.03991
44.60, 42.285201, -71.359379, 6.77, -0.07321
44.66, 42.285198, -71.359378, 6.67, -0.08849
44.71, 42.285195, -71.359377, 6.56, -0.00280
44.77, 42.285192, -71.359376, 6.44, 0.08481
44.82, 42.285189, -71.359375, 6.33, 0.05079
44.88, 42.285187, -71.359374, 6.24, 0.02622
44.93, 42.285184, -71.359374, 6.16, 0.00776
44.99, 42.285181, -71.359373, 6.05, -0.00935
45.05, 42.285178, -71.359372, 5.95, -0.06027
45.10, 42.285176, -71.359371, 5.89, -0.11893
45.16, 42.285173, -71.359371, 5.82, -0.08849
45.21, 42.285170, -71.359370, 5.77, -0.07664
45.27, 42.285168, -71.359369, 5.70, -0.08622
45.32, 42.285165, -71.359369, 5.60, -0.10074
45.38, 42.285163, -71.359368, 5.50, -0.09616
45.43, 42.285160, -71.359368, 5.42, -0.29311
45.49, 42.285158, -71.359367, 5.34, -0.41168
45.55, 42.285156, -71.359366, 5.24, -1.72368
45.60, 42.285153, -71.359366, 5.15, -2.72222
45.66, 42.285151, -71.359366, 5.07, -2.29878
45.71, 42.285149, -71.359365, 5.01, 0.07154
45.77, 42.285146, -71.359365, 4.95, 0.28909
45.82, 42.285144, -71.359364, 4.87, 0.36951
45.88, 42.285142, -71.359364, 4.79, 0.20552
45.93, 42.285140, -71.359364, 4.72, -0.09591
45.99, 42.285137, -71.359363, 4.65, -0.01907
46.05, 42.285135, -71.359363, 4.56, -0.10959
46.10, 42.285133, -71.359363, 4.47, -0.00437
46.16, 42.285131, -71.359363, 4.40, 0.01707
46.21, 42.285129, -71.359363, 4.33, -0.03389
46.27, 42.285127, -71.359362, 4.27, -0.27816
46.32, 42.285125, -71.359362, 4.18, -0.49108
46.38, 42.285123, -71.359362, 4.12, -3.28930
46.43, 42.285122, -71.359362, 4.06, -1.06032
46.49, 42.285120, -71.359362, 3.98, 1.19045
46.55, 42.285118, -71.359361, 3.92, -0.93899
46.60, 42.285116, -71.359361, 3.87, -0.58568
46.66, 42.285114, -71.359361, 3.79, 0.24176
46.71, 42.285113, -71.359361, 3.73, 0.21651
46.77, 42.285111, -71.359361, 3.67, 0.10311
46.82, 42.285109, -71.359361, 3.61, -0.26905
46.88, 42.285108, -71.359361, 3.53, -0.10747
46.93, 42.285106, -71.359361, 3.44, -0.00375
46.99, 42.285105, -71.359361, 3.36, 0.03296
47.05, 42.285103, -71.359361, 3.32, -0.33449
47.10, 42.285102, -71.359361, 3.24, -0.86680
47.16, 42.285100, -71.359361, 3.19, -0.39495
47.21, 42.285098, -71.359361, 3.16, -0.07311
47.27, 42.285097, -71.359361, 3.09, -0.02443
47.32, 42.285096, -71.359361, 3.02, -0.11181
47.38, 42.285094, -71.359361, 2.96, -0.16889
47.44, 42.285093, -71.359361, 2.92, -0.13523
47.49, 42.285092, -71.359361, 2.86, -0.13825
47.55, 42.285090, -71.359361, 2.82, -0.15410
47.60, 42.285089, -71.359361, 2.77, -0.18047
47.66, 42.285088, -71.359361, 2.72, -0.18309
47.71, 42.285086, -71.359361, 2.66, -0.18182
47.77, 42.285085, -71.359362, 2.58, -0.23096
47.82, 42.285084, -71.359362, 2.51, -0.30799
47.88, 42.285083, -71.359362, 2.45, -0.26701
47.94, 42.285082, -71.359362, 2.40, -0.21304
47.99, 42.285081, -71.359362, 2.34, -0.20542
48.05, 42.285080, -71.359362, 2.29, -0.02611
48.05, 42.285079, -71.359363, 2.24, -0.11850
48.10, 42.285078, -71.359363, 2.20, -0.18982
48.16, 42.285077, -71.359363, 2.15, -0.14687
48.21, 42.285076, -71.359363, 2.10, -0.18601
48.27, 42.285075, -71.359363, 2.06, -0.20502
48.33, 42.285074, -71.359364, 2.00, -0.21526
48.38, 42.285073, -71.359364, 1.96, -0.22206
48.44, 42.285072, -71.359364, 1.95, -0.23757
48.49, 42.285072, -71.359364, 1.93, -0.24739
48.55, 42.285071, -71.359364, 1.87, -0.26287
48.60, 42.285070, -71.359365, 1.84, -0.26999
48.66, 42.285069, -71.359365, 1.82, -0.26987
48.71, 42.285068, -71.359365, 1.81, -0.28965
48.77, 42.285067, -71.359365, 1.81, -0.28219
48.83, 42.285066, -71.359366, 1.81, -0.27372
48.88, 42.285065, -71.359366, 1.82, -0.27161
48.94, 42.285065, -71.359366, 1.80, -0.28854
48.99, 42.285064, -71.359367, 1.81, -0.33583
49.05, 42.285063, -71.359367, 1.80, -0.32771
49.10, 42.285062, -71.359368, 1.80, -0.32313
49.16, 42.285061, -71.359368, 1.81, -0.33168
49.22, 42.285060, -71.359368, 1.78, -0.34490
49.27, 42.285060, -71.359369, 1.76, -0.33878
49.33, 42.285059, -71.359369, 1.76, -0.25900
49.38, 42.285058, -71.359370, 1.76, -0.23910
49.44, 42.285057, -71.359370, 1.77, -0.28173
49.49, 42.285056, -71.359371, 1.77, -0.24542
49.55, 42.285055, -71.359371, 1.78, -0.30587
49.60, 42.285054, -71.359372, 1.78, -0.34012
49.66, 42.285053, -71.359372, 1.78, -0.37157
49.72, 42.285053, -71.359373, 1.79, -0.36537
49.77, 42.285052, -71.359373, 1.80, -0.35304
49.83, 42.285051, -71.359374, 1.80, -0.35444
49.88, 42.285050, -71.359375, 1.81, -0.36352
49.94, 42.285049, -71.359375, 1.83, -0.35078
49.99, 42.285048, -71.359376, 1.82, -0.36382
50.05, 42.285048, -71.359376, 1.80, -0.35251
50.11, 42.285047, -71.359377, 1.75, -0.35509
50.16, 42.285046, -71.359377, 1.75, -0.35160
50.22, 42.285045, -71.359378, 1.75, -0.35034
50.27, 42.285044, -71.359378, 1.81, -0.34081
50.33, 42.285043, -71.359379, 1.89, -0.33970
50.38, 42.285043, -71.359380, 1.92, -0.34002
50.44, 42.285042, -71.359381, 1.96, -0.32685
50.49, 42.285041, -71.359382, 1.93, -0.32105
50.55, 42.285040, -71.359382, 1.91, -0.30667
50.61, 42.285040, -71.359383, 1.88, -0.30441
50.66, 42.285039, -71.359384, 1.86, -0.28534
50.72, 42.285038, -71.359385, 1.86, -0.23103
50.77, 42.285037, -71.359385, 1.85, -0.18746
50.83, 42.285037, -71.359386, 1.84, -0.24877
50.88, 42.285036, -71.359387, 1.84, -0.05182
50.94, 42.285035, -71.359388, 1.84, -0.22530
50.99, 42.285034, -71.359389, 1.84, -0.22130
51.05, 42.285034, -71.359390, 1.82, -0.23257
51.11, 42.285033, -71.359390, 1.82, -0.20897
51.16, 42.285032, -71.359391, 1.83, -0.20777
51.22, 42.285032, -71.359392, 1.84, -0.20609
51.27, 42.285031, -71.359393, 1.81, -0.25395
51.33, 42.285030, -71.359394, 1.82, -0.16405
51.38, 42.285030, -71.359395, 1.84, -0.19367
51.44, 42.285029, -71.359396, 1.84, -0.18276
51.50, 42.285029, -71.359396, 1.83, -0.18987
51.55, 42.285028, -71.359397, 1.84, -0.16551
51.61, 42.285027, -71.359398, 1.86, -0.16069
51.66, 42.285027, -71.359399, 1.84, -0.16606
51.72, 42.285027, -71.359399, 1.84, -0.16956
51.77, 42.285026, -71.359400, 1.82, -0.17123
51.83, 42.285025, -71.359401, 1.81, -0.24388
51.88, 42.285025, -71.359402, 1.81, -0.23174
51.94, 42.285024, -71.359403, 1.81, -0.21173
52.00, 42.285024, -71.359403, 1.80, -0.22830
52.05, 42.285023, -71.359404, 1.79, -0.09045
52.05, 42.285023, -71.359405, 1.78, -0.16603
52.11, 42.285022, -71.359406, 1.79, -0.18501
52.16, 42.285022, -71.359407, 1.78, -0.20034
52.22, 42.285021, -71.359408, 1.75, -0.21548
52.27, 42.285021, -71.359409, 1.74, -0.24115
52.33, 42.285020, -71.359410, 1.73, -0.20275
52.39, 42.285020, -71.359411, 1.71, -0.24415
52.44, 42.285020, -71.359412, 1.71, -0.35273
52.50, 42.285019, -71.359413, 1.70, -0.14363
52.55, 42.285019, -71.359414, 1.69, -0.16347
52.61, 42.285019, -71.359415, 1.68, -0.15959
52.66, 42.285018, -71.359416, 1.66, -0.16999
52.72, 42.285018, -71.359417, 1.65, -0.17747
52.77, 42.285018, -71.359418, 1.63, -0.17581
52.83, 42.285018, -71.359420, 1.64, -0.17945
52.89, 42.285017, -71.359420, 1.64, -0.18827
52.94, 42.285017, -71.359421, 1.62, -0.18874
53.00, 42.285017, -71.359422, 1.62, -0.19332
53.05, 42.285017, -71.359424, 1.64, -0.19366
53.11, 42.285016, -71.359425, 1.64, -0.20458
53.16, 42.285016, -71.359426, 1.63, -0.20649
53.22, 42.285016, -71.359427, 1.65, -0.30465
53.28, 42.285015, -71.359428, 1.69, -0.19064
53.33, 42.285015, -71.359429, 1.70, -0.48238
53.39, 42.285015, -71.359430, 1.71, -0.41437
53.44, 42.285015, -71.359431, 1.72, -0.21614
53.50, 42.285015, -71.359432, 1.73, -0.18754
53.55, 42.285014, -71.359434, 1.73, -0.22540
53.61, 42.285014, -71.359435, 1.75, -0.23059
53.66, 42.285014, -71.359436, 1.78, -0.32070
53.72, 42.285014, -71.359437, 1.78, -0.29505
53.78, 42.285014, -71.359438, 1.78, -0.21905
53.83, 42.285014, -71.359440, 1.79, -0.23230
53.89, 42.285014, -71.359441, 1.82, -0.17608
53.94, 42.285014, -71.359442, 1.82, -0.20431
54.00, 42.285013, -71.359443, 1.80, -0.25881
54.05, 42.285013, -71.359444, 1.83, -0.04290
54.05, 42.285013, -71.359446, 1.85, -0.23238
54.11, 42.285013, -71.359447, 1.86, -0.22322
54.17, 42.285013, -71.359448, 1.86, -0.25962
54.22, 42.285013, -71.359450, 1.87, -0.25389
54.28, 42.285012, -71.359451, 1.86, -0.31533
54.33, 42.285012, -71.359452, 1.88, -0.34245
54.39, 42.285012, -71.359453, 1.86, -0.57893
54.44, 42.285012, -71.359454, 1.84, -0.46045
54.50, 42.285012, -71.359456, 1.86, -0.21119
54.55, 42.285012, -71.359457, 1.87, -0.12059
54.61, 42.285011, -71.359458, 1.86, -0.05710
54.67, 42.285011, -71.359459, 1.84, -0.06109
54.72, 42.285011, -71.359460, 1.82, -0.04630
54.78, 42.285011, -71.359462, 1.81, -0.05445
54.83, 42.285011, -71.359463, 1.81, -0.04553
54.89, 42.285011, -71.359464, 1.83, -0.05366
54.94, 42.285011, -71.359465, 1.82, -0.12186
55.00, 42.285011, -71.359466, 1.81, -0.08280
55.05, 42.285011, -71.359467, 1.81, -0.25174
55.11, 42.285011, -71.359469, 1.82, -0.50719
55.17, 42.285011, -71.359470, 1.81, -0.53126
55.22, 42.285011, -71.359471, 1.79, -0.32244
55.28, 42.285011, -71.359472, 1.78, -0.20048
55.33, 42.285011, -71.359473, 1.76, -0.12823
55.39, 42.285011, -71.359475, 1.77, -0.21629
55.44, 42.285011, -71.359476, 1.78, -0.14581
55.50, 42.285011, -71.359477, 1.79, -0.22896
55.55, 42.285011, -71.359478, 1.78, -0.20214
55.61, 42.285011, -71.359479, 1.80, -0.08282
55.67, 42.285011, -71.359481, 1.80, -0.19283
55.72, 42.285011, -71.359482, 1.82, -0.22415
55.78, 42.285012, -71.359483, 1.83, -0.34158
55.83, 42.285012, -71.359485, 1.84, -0.62278
55.89, 42.285012, -71.359487, 1.85, -0.23491
55.94, 42.285012, -71.359488, 1.87, -0.29042
56.06, 42.285012, -71.359489, 1.88, -0.09602
56.11, 42.285012, -71.359490, 1.86, -0.12825
56.17, 42.285012, -71.359492, 1.86, -0.11102
56.22, 42.285012, -71.359493, 1.86, -0.12134
56.28, 42.285013, -71.359494, 1.88, -0.14671
56.33, 42.285013, -71.359495, 1.88, -0.13548
56.39, 42.285013, -71.359497, 1.89, -0.14012
56.44, 42.285013, -71.359498, 1.90, -0.20115
56.50, 42.285013, -71.359499, 1.91, -0.28362
56.56, 42.285013, -71.359501, 1.93, -0.24821
56.61, 42.285013, -71.359502, 1.92, -0.30652
56.67, 42.285014, -71.359503, 1.93, -0.15945
56.72, 42.285014, -71.359505, 1.96, -0.14506
56.78, 42.285014, -71.359506, 1.97, -0.11907
56.83, 42.285014, -71.359507, 1.98, -0.11793
56.89, 42.285015, -71.359509, 2.00, -0.13947
56.94, 42.285015, -71.359510, 2.00, -0.09628
57.00, 42.285015, -71.359511, 2.00, -0.09103
57.06, 42.285015, -71.359513, 2.01, -0.01698
57.06, 42.285015, -71.359514, 2.02, -0.07302
57.11, 42.285015, -71.359516, 2.03, -0.06930
57.17, 42.285015, -71.359517, 2.05, -0.04158
57.22, 42.285015, -71.359518, 2.07, -0.04449
57.28, 42.285016, -71.359520, 2.06, -0.04901
57.33, 42.285016, -71.359521, 2.05, -0.07842
57.39, 42.285016, -71.359522, 2.05, -0.36417
57.45, 42.285016, -71.359524, 2.08, -0.49723
57.50, 42.285016, -71.359525, 2.07, -0.08907
57.56, 42.285016, -71.359527, 2.06, -0.13974
57.61, 42.285016, -71.359528, 2.06, -0.21568
57.67, 42.285017, -71.359530, 2.06, 0.04479
57.72, 42.285017, -71.359532, 2.08, 0.02225
57.78, 42.285017, -71.359533, 2.07, -0.46871
57.83, 42.285018, -71.359534, 2.05, -1.03395
57.89, 42.285018, -71.359536, 2.05, -0.51022
57.95, 42.285018, -71.359537, 2.04, -0.04254
58.06, 42.285018, -71.359538, 2.04, 0.05522
58.11, 42.285018, -71.359540, 2.04, -0.21161
58.17, 42.285018, -71.359541, 2.03, -0.13149
58.22, 42.285018, -71.359543, 2.04, 0.03403
58.28, 42.285019, -71.359544, 2.04, 0.01673
58.34, 42.285019, -71.359545, 2.02, -0.17186
58.39, 42.285019, -71.359546, 2.03, -0.35503
58.45, 42.285019, -71.359548, 2.05, -0.07167
58.50, 42.285019, -71.359549, 2.04, -0.08946
58.56, 42.285020, -71.359550, 2.04, -0.18377
58.61, 42.285020, -71.359552, 2.04, -0.07695
58.67, 42.285020, -71.359553, 2.02, -0.24635
58.72, 42.285020, -71.359554, 2.01, -0.14688
58.78, 42.285020, -71.359556, 2.04, 0.03645
58.84, 42.285021, -71.359557, 2.04, -0.10266
58.89, 42.285021, -71.359558, 2.02, -0.10942
58.95, 42.285021, -71.359560, 2.01, 0.01868
59.00, 42.285021, -71.359561, 2.01, -0.01204
59.06, 42.285021, -71.359562, 2.02, -0.03786
59.11, 42.285021, -71.359564, 2.01, -0.03625
59.17, 42.285021, -71.359565, 1.99, -0.04359
59.23, 42.285022, -71.359566, 2.00, -0.06867
59.28, 42.285022, -71.359568, 2.01, -0.03489
59.34, 42.285022, -71.359569, 2.01, -0.05163
59.39, 42.285022, -71.359570, 2.01, -0.06042
59.45, 42.285022, -71.359572, 2.04, -0.04829
59.50, 42.285023, -71.359573, 2.07, -0.05761
59.56, 42.285023, -71.359574, 2.07, -0.07035
59.61, 42.285023, -71.359576, 2.07, -0.07106
59.67, 42.285023, -71.359577, 2.06, -0.06065
59.73, 42.285024, -71.359578, 2.06, -0.06877
59.78, 42.285024, -71.359580, 2.07, -0.08467
59.84, 42.285024, -71.359581, 2.06, -0.07445
59.89, 42.285024, -71.359582, 2.06, -0.06710
59.95, 42.285024, -71.359584, 2.05, -0.05916
60.00, 42.285024, -71.359585, 2.06, -0.05971
60.06, 42.285024, -71.359587, 2.06, -0.05149
60.12, 42.285025, -71.359588, 2.06, -0.04573
60.17, 42.285025, -71.359589, 2.07, -0.04714
60.23, 42.285025, -71.359590, 2.06, -0.02817
60.28, 42.285025, -71.359592, 2.04, -0.03646
60.34, 42.285025, -71.359593, 2.03, -0.02726
60.39, 42.285026, -71.359595, 2.02, -0.01733
60.45, 42.285026, -71.359596, 2.01, -0.01106
60.50, 42.285026, -71.359597, 2.01, -0.01092
60.56, 42.285026, -71.359599, 2.02, 0.00169
60.62, 42.285026, -71.359600, 2.02, 0.00134
60.67, 42.285026, -71.359601, 2.01, -0.06304
60.73, 42.285027, -71.359602, 1.98, -0.10876
60.78, 42.285027, -71.359604, 1.99, -0.76281
60.84, 42.285027, -71.359605, 1.99, -0.95754
60.89, 42.285027, -71.359606, 1.97, -0.34693
60.95, 42.285027, -71.359607, 1.95, 0.28286
61.00, 42.285027, -71.359609, 1.97, 0.17083
61.06, 42.285028, -71.359610, 1.98, -0.00022
61.12, 42.285028, -71.359611, 1.96, -0.03538
61.17, 42.285028, -71.359612, 1.92, -0.39038
61.23, 42.285028, -71.359614, 1.91, -0.01537
61.28, 42.285028, -71.359615, 1.89, 0.11592
61.34, 42.285028, -71.359616, 1.88, 0.11370
61.39, 42.285028, -71.359617, 1.86, 0.09685
61.45, 42.285029, -71.359618, 1.83, 0.04140
61.51, 42.285029, -71.359620, 1.82, 0.04394
61.56, 42.285029, -71.359621, 1.80, -0.01407
61.62, 42.285029, -71.359622, 1.80, -0.06856
61.67, 42.285029, -71.359623, 1.78, -0.00183
61.73, 42.285030, -71.359624, 1.75, -0.14427
61.78, 42.285030, -71.359625, 1.76, -0.27597
61.84, 42.285030, -71.359626, 1.74, -0.14105
61.89, 42.285030, -71.359628, 1.71, -0.08316
61.95, 42.285030, -71.359628, 1.69, -0.00718
62.01, 42.285030, -71.359630, 1.68, 0.01520
62.06, 42.285030, -71.359631, 1.66, 0.01566
62.12, 42.285030, -71.359632, 1.67, -0.00959
62.17, 42.285030, -71.359633, 1.66, -0.02038
62.23, 42.285030, -71.359634, 1.68, -0.01443
62.28, 42.285030, -71.359635, 1.69, -0.01445
62.34, 42.285030, -71.359636, 1.67, -0.02279
62.40, 42.285031, -71.359637, 1.66, -0.02828
62.45, 42.285031, -71.359638, 1.65, -0.04382
62.51, 42.285031, -71.359639, 1.64, -0.04457
62.56, 42.285031, -71.359640, 1.64, -0.03405
62.62, 42.285031, -71.359641, 1.64, -0.03807
62.67, 42.285031, -71.359643, 1.65, -0.05640
62.73, 42.285031, -71.359644, 1.66, -0.04917
62.78, 42.285032, -71.359645, 1.66, -0.03676
62.84, 42.285032, -71.359646, 1.64, -0.04248
62.90, 42.285032, -71.359647, 1.63, -0.05111
62.95, 42.285032, -71.359648, 1.64, -0.05407
63.01, 42.285032, -71.359649, 1.67, -0.04090
63.06, 42.285032, -71.359650, 1.69, 0.00747
63.06, 42.285032, -71.359651, 1.68, -0.02945
63.12, 42.285032, -71.359652, 1.68, -0.03651
63.17, 42.285033, -71.359653, 1.67, -0.02214
63.23, 42.285033, -71.359654, 1.65, -0.02218
63.29, 42.285033, -71.359655, 1.64, -0.01667
63.34, 42.285033, -71.359656, 1.63, -0.02018
63.40, 42.285033, -71.359657, 1.63, -0.01288
63.45, 42.285033, -71.359658, 1.64, -0.01305
63.51, 42.285033, -71.359660, 1.64, -0.03679
63.56, 42.285034, -71.359661, 1.63, -0.06987
63.62, 42.285034, -71.359662, 1.62, -0.01174
63.67, 42.285034, -71.359663, 1.63, 0.00191
63.73, 42.285034, -71.359664, 1.64, 0.00234
63.79, 42.285034, -71.359665, 1.62, 0.02741
63.84, 42.285035, -71.359666, 1.61, 0.03061
63.90, 42.285035, -71.359667, 1.61, 0.03057
63.95, 42.285035, -71.359668, 1.60, 0.04163
64.01, 42.285035, -71.359669, 1.59, 0.03768
64.06, 42.285035, -71.359670, 1.58, 0.03857
64.12, 42.285035, -71.359671, 1.57, 0.04475
64.18, 42.285035, -71.359672, 1.56, 0.04851
64.23, 42.285035, -71.359673, 1.52, 0.04274
64.29, 42.285035, -71.359674, 1.51, 0.02345
64.34, 42.285035, -71.359675, 1.49, -0.87074
64.40, 42.285035, -71.359675, 1.47, -0.36917
64.45, 42.285036, -71.359676, 1.45, -0.04065
64.51, 42.285036, -71.359677, 1.45, 0.07748
64.56, 42.285036, -71.359678, 1.43, 0.06907
64.62, 42.285036, -71.359679, 1.42, 0.07045
64.68, 42.285036, -71.359680, 1.42, 0.05917
64.73, 42.285036, -71.359681, 1.42, 0.03997
64.79, 42.285036, -71.359682, 1.42, 0.03664
64.84, 42.285036, -71.359683, 1.42, 0.01794
64.90, 42.285036, -71.359684, 1.39, 0.00575
64.95, 42.285036, -71.359685, 1.34, -1.64351
65.01, 42.285036, -71.359685, 1.30, 0.58262
